pair_id,split,code_a_path,code_b_path,label,transformation_label,negative_type,problem_id
tb_pos_train_1,train,code_samples/sample_0001_src_p30.py,code_samples/sample_0002_formatting_change.py,1,formatting_change,none,30
tb_pos_train_2,train,code_samples/sample_0003_src_p1.py,code_samples/sample_0004_formatting_change.py,1,formatting_change,none,1
tb_pos_train_3,train,code_samples/sample_0005_src_p14.py,code_samples/sample_0006_formatting_change.py,1,formatting_change,none,14
tb_pos_train_4,train,code_samples/sample_0007_src_p13.py,code_samples/sample_0008_formatting_change.py,1,formatting_change,none,13
tb_pos_train_5,train,code_samples/sample_0009_src_p33.py,code_samples/sample_0010_formatting_change.py,1,formatting_change,none,33
tb_pos_train_6,train,code_samples/sample_0011_src_p31.py,code_samples/sample_0012_formatting_change.py,1,formatting_change,none,31
tb_pos_train_7,train,code_samples/sample_0013_src_p38.py,code_samples/sample_0014_formatting_change.py,1,formatting_change,none,38
tb_pos_train_8,train,code_samples/sample_0015_src_p4.py,code_samples/sample_0016_formatting_change.py,1,formatting_change,none,4
tb_pos_train_9,train,code_samples/sample_0017_src_p22.py,code_samples/sample_0018_formatting_change.py,1,formatting_change,none,22
tb_pos_train_10,train,code_samples/sample_0019_src_p1.py,code_samples/sample_0020_formatting_change.py,1,formatting_change,none,1
tb_pos_train_11,train,code_samples/sample_0021_src_p12.py,code_samples/sample_0022_formatting_change.py,1,formatting_change,none,12
tb_pos_train_12,train,code_samples/sample_0023_src_p25.py,code_samples/sample_0024_formatting_change.py,1,formatting_change,none,25
tb_pos_train_13,train,code_samples/sample_0025_src_p1.py,code_samples/sample_0026_formatting_change.py,1,formatting_change,none,1
tb_pos_train_14,train,code_samples/sample_0027_src_p12.py,code_samples/sample_0028_formatting_change.py,1,formatting_change,none,12
tb_pos_train_15,train,code_samples/sample_0029_src_p30.py,code_samples/sample_0030_formatting_change.py,1,formatting_change,none,30
tb_pos_train_16,train,code_samples/sample_0031_src_p26.py,code_samples/sample_0032_formatting_change.py,1,formatting_change,none,26
tb_pos_train_17,train,code_samples/sample_0033_src_p13.py,code_samples/sample_0034_formatting_change.py,1,formatting_change,none,13
tb_pos_train_18,train,code_samples/sample_0035_src_p27.py,code_samples/sample_0036_formatting_change.py,1,formatting_change,none,27
tb_pos_train_19,train,code_samples/sample_0037_src_p35.py,code_samples/sample_0038_formatting_change.py,1,formatting_change,none,35
tb_pos_train_20,train,code_samples/sample_0039_src_p34.py,code_samples/sample_0040_formatting_change.py,1,formatting_change,none,34
tb_pos_train_21,train,code_samples/sample_0041_src_p32.py,code_samples/sample_0042_formatting_change.py,1,formatting_change,none,32
tb_pos_train_22,train,code_samples/sample_0043_src_p19.py,code_samples/sample_0044_formatting_change.py,1,formatting_change,none,19
tb_pos_train_23,train,code_samples/sample_0045_src_p10.py,code_samples/sample_0046_formatting_change.py,1,formatting_change,none,10
tb_pos_train_24,train,code_samples/sample_0047_src_p34.py,code_samples/sample_0048_formatting_change.py,1,formatting_change,none,34
tb_pos_train_25,train,code_samples/sample_0049_src_p5.py,code_samples/sample_0050_formatting_change.py,1,formatting_change,none,5
tb_pos_train_26,train,code_samples/sample_0051_src_p21.py,code_samples/sample_0052_formatting_change.py,1,formatting_change,none,21
tb_pos_train_27,train,code_samples/sample_0053_src_p20.py,code_samples/sample_0054_formatting_change.py,1,formatting_change,none,20
tb_pos_train_28,train,code_samples/sample_0055_src_p29.py,code_samples/sample_0056_formatting_change.py,1,formatting_change,none,29
tb_pos_train_29,train,code_samples/sample_0057_src_p35.py,code_samples/sample_0058_formatting_change.py,1,formatting_change,none,35
tb_pos_train_30,train,code_samples/sample_0059_src_p33.py,code_samples/sample_0060_formatting_change.py,1,formatting_change,none,33
tb_pos_train_31,train,code_samples/sample_0061_src_p26.py,code_samples/sample_0062_variable_renaming.py,1,variable_renaming,none,26
tb_pos_train_32,train,code_samples/sample_0063_src_p40.py,code_samples/sample_0064_variable_renaming.py,1,variable_renaming,none,40
tb_pos_train_33,train,code_samples/sample_0065_src_p4.py,code_samples/sample_0066_variable_renaming.py,1,variable_renaming,none,4
tb_pos_train_34,train,code_samples/sample_0067_src_p17.py,code_samples/sample_0068_variable_renaming.py,1,variable_renaming,none,17
tb_pos_train_35,train,code_samples/sample_0069_src_p29.py,code_samples/sample_0070_variable_renaming.py,1,variable_renaming,none,29
tb_pos_train_36,train,code_samples/sample_0071_src_p27.py,code_samples/sample_0072_variable_renaming.py,1,variable_renaming,none,27
tb_pos_train_37,train,code_samples/sample_0073_src_p32.py,code_samples/sample_0074_variable_renaming.py,1,variable_renaming,none,32
tb_pos_train_38,train,code_samples/sample_0075_src_p3.py,code_samples/sample_0076_variable_renaming.py,1,variable_renaming,none,3
tb_pos_train_39,train,code_samples/sample_0077_src_p13.py,code_samples/sample_0078_variable_renaming.py,1,variable_renaming,none,13
tb_pos_train_40,train,code_samples/sample_0079_src_p4.py,code_samples/sample_0080_variable_renaming.py,1,variable_renaming,none,4
tb_pos_train_41,train,code_samples/sample_0081_src_p13.py,code_samples/sample_0082_variable_renaming.py,1,variable_renaming,none,13
tb_pos_train_42,train,code_samples/sample_0083_src_p21.py,code_samples/sample_0084_variable_renaming.py,1,variable_renaming,none,21
tb_pos_train_43,train,code_samples/sample_0085_src_p23.py,code_samples/sample_0086_variable_renaming.py,1,variable_renaming,none,23
tb_pos_train_44,train,code_samples/sample_0087_src_p36.py,code_samples/sample_0088_variable_renaming.py,1,variable_renaming,none,36
tb_pos_train_45,train,code_samples/sample_0089_src_p11.py,code_samples/sample_0090_variable_renaming.py,1,variable_renaming,none,11
tb_pos_train_46,train,code_samples/sample_0091_src_p20.py,code_samples/sample_0092_variable_renaming.py,1,variable_renaming,none,20
tb_pos_train_47,train,code_samples/sample_0093_src_p31.py,code_samples/sample_0094_variable_renaming.py,1,variable_renaming,none,31
tb_pos_train_48,train,code_samples/sample_0095_src_p32.py,code_samples/sample_0096_variable_renaming.py,1,variable_renaming,none,32
tb_pos_train_49,train,code_samples/sample_0097_src_p30.py,code_samples/sample_0098_variable_renaming.py,1,variable_renaming,none,30
tb_pos_train_50,train,code_samples/sample_0099_src_p29.py,code_samples/sample_0100_variable_renaming.py,1,variable_renaming,none,29
tb_pos_train_51,train,code_samples/sample_0101_src_p11.py,code_samples/sample_0102_variable_renaming.py,1,variable_renaming,none,11
tb_pos_train_52,train,code_samples/sample_0103_src_p33.py,code_samples/sample_0104_variable_renaming.py,1,variable_renaming,none,33
tb_pos_train_53,train,code_samples/sample_0105_src_p11.py,code_samples/sample_0106_variable_renaming.py,1,variable_renaming,none,11
tb_pos_train_54,train,code_samples/sample_0107_src_p21.py,code_samples/sample_0108_variable_renaming.py,1,variable_renaming,none,21
tb_pos_train_55,train,code_samples/sample_0109_src_p40.py,code_samples/sample_0110_variable_renaming.py,1,variable_renaming,none,40
tb_pos_train_56,train,code_samples/sample_0111_src_p32.py,code_samples/sample_0112_variable_renaming.py,1,variable_renaming,none,32
tb_pos_train_57,train,code_samples/sample_0113_src_p13.py,code_samples/sample_0114_variable_renaming.py,1,variable_renaming,none,13
tb_pos_train_58,train,code_samples/sample_0115_src_p19.py,code_samples/sample_0116_variable_renaming.py,1,variable_renaming,none,19
tb_pos_train_59,train,code_samples/sample_0117_src_p13.py,code_samples/sample_0118_variable_renaming.py,1,variable_renaming,none,13
tb_pos_train_60,train,code_samples/sample_0119_src_p35.py,code_samples/sample_0120_variable_renaming.py,1,variable_renaming,none,35
tb_pos_train_61,train,code_samples/sample_0121_src_p21.py,code_samples/sample_0122_structural_refactoring.py,1,structural_refactoring,none,21
tb_pos_train_62,train,code_samples/sample_0123_src_p4.py,code_samples/sample_0124_structural_refactoring.py,1,structural_refactoring,none,4
tb_pos_train_63,train,code_samples/sample_0125_src_p40.py,code_samples/sample_0126_structural_refactoring.py,1,structural_refactoring,none,40
tb_pos_train_64,train,code_samples/sample_0127_src_p38.py,code_samples/sample_0128_structural_refactoring.py,1,structural_refactoring,none,38
tb_pos_train_65,train,code_samples/sample_0129_src_p19.py,code_samples/sample_0130_structural_refactoring.py,1,structural_refactoring,none,19
tb_pos_train_66,train,code_samples/sample_0131_src_p30.py,code_samples/sample_0132_structural_refactoring.py,1,structural_refactoring,none,30
tb_pos_train_67,train,code_samples/sample_0133_src_p21.py,code_samples/sample_0134_structural_refactoring.py,1,structural_refactoring,none,21
tb_pos_train_68,train,code_samples/sample_0135_src_p23.py,code_samples/sample_0136_structural_refactoring.py,1,structural_refactoring,none,23
tb_pos_train_69,train,code_samples/sample_0137_src_p14.py,code_samples/sample_0138_structural_refactoring.py,1,structural_refactoring,none,14
tb_pos_train_70,train,code_samples/sample_0139_src_p13.py,code_samples/sample_0140_structural_refactoring.py,1,structural_refactoring,none,13
tb_pos_train_71,train,code_samples/sample_0141_src_p26.py,code_samples/sample_0142_structural_refactoring.py,1,structural_refactoring,none,26
tb_pos_train_72,train,code_samples/sample_0143_src_p14.py,code_samples/sample_0144_structural_refactoring.py,1,structural_refactoring,none,14
tb_pos_train_73,train,code_samples/sample_0145_src_p27.py,code_samples/sample_0146_structural_refactoring.py,1,structural_refactoring,none,27
tb_pos_train_74,train,code_samples/sample_0147_src_p38.py,code_samples/sample_0148_structural_refactoring.py,1,structural_refactoring,none,38
tb_pos_train_75,train,code_samples/sample_0149_src_p21.py,code_samples/sample_0150_structural_refactoring.py,1,structural_refactoring,none,21
tb_pos_train_76,train,code_samples/sample_0151_src_p13.py,code_samples/sample_0152_structural_refactoring.py,1,structural_refactoring,none,13
tb_pos_train_77,train,code_samples/sample_0153_src_p25.py,code_samples/sample_0154_structural_refactoring.py,1,structural_refactoring,none,25
tb_pos_train_78,train,code_samples/sample_0155_src_p4.py,code_samples/sample_0156_structural_refactoring.py,1,structural_refactoring,none,4
tb_pos_train_79,train,code_samples/sample_0157_src_p3.py,code_samples/sample_0158_structural_refactoring.py,1,structural_refactoring,none,3
tb_pos_train_80,train,code_samples/sample_0159_src_p5.py,code_samples/sample_0160_structural_refactoring.py,1,structural_refactoring,none,5
tb_pos_train_81,train,code_samples/sample_0161_src_p30.py,code_samples/sample_0162_structural_refactoring.py,1,structural_refactoring,none,30
tb_pos_train_82,train,code_samples/sample_0163_src_p35.py,code_samples/sample_0164_structural_refactoring.py,1,structural_refactoring,none,35
tb_pos_train_83,train,code_samples/sample_0165_src_p22.py,code_samples/sample_0166_structural_refactoring.py,1,structural_refactoring,none,22
tb_pos_train_84,train,code_samples/sample_0167_src_p4.py,code_samples/sample_0168_structural_refactoring.py,1,structural_refactoring,none,4
tb_pos_train_85,train,code_samples/sample_0169_src_p21.py,code_samples/sample_0170_structural_refactoring.py,1,structural_refactoring,none,21
tb_pos_train_86,train,code_samples/sample_0171_src_p23.py,code_samples/sample_0172_structural_refactoring.py,1,structural_refactoring,none,23
tb_pos_train_87,train,code_samples/sample_0173_src_p14.py,code_samples/sample_0174_structural_refactoring.py,1,structural_refactoring,none,14
tb_pos_train_88,train,code_samples/sample_0175_src_p37.py,code_samples/sample_0176_structural_refactoring.py,1,structural_refactoring,none,37
tb_pos_train_89,train,code_samples/sample_0177_src_p31.py,code_samples/sample_0178_structural_refactoring.py,1,structural_refactoring,none,31
tb_pos_train_90,train,code_samples/sample_0179_src_p5.py,code_samples/sample_0180_structural_refactoring.py,1,structural_refactoring,none,5
tb_pos_train_91,train,code_samples/sample_0181_src_p38.py,code_samples/sample_0182_dead_code_insertion.py,1,dead_code_insertion,none,38
tb_pos_train_92,train,code_samples/sample_0183_src_p34.py,code_samples/sample_0184_dead_code_insertion.py,1,dead_code_insertion,none,34
tb_pos_train_93,train,code_samples/sample_0185_src_p34.py,code_samples/sample_0186_dead_code_insertion.py,1,dead_code_insertion,none,34
tb_pos_train_94,train,code_samples/sample_0187_src_p19.py,code_samples/sample_0188_dead_code_insertion.py,1,dead_code_insertion,none,19
tb_pos_train_95,train,code_samples/sample_0189_src_p17.py,code_samples/sample_0190_dead_code_insertion.py,1,dead_code_insertion,none,17
tb_pos_train_96,train,code_samples/sample_0191_src_p11.py,code_samples/sample_0192_dead_code_insertion.py,1,dead_code_insertion,none,11
tb_pos_train_97,train,code_samples/sample_0193_src_p1.py,code_samples/sample_0194_dead_code_insertion.py,1,dead_code_insertion,none,1
tb_pos_train_98,train,code_samples/sample_0195_src_p38.py,code_samples/sample_0196_dead_code_insertion.py,1,dead_code_insertion,none,38
tb_pos_train_99,train,code_samples/sample_0197_src_p14.py,code_samples/sample_0198_dead_code_insertion.py,1,dead_code_insertion,none,14
tb_pos_train_100,train,code_samples/sample_0199_src_p34.py,code_samples/sample_0200_dead_code_insertion.py,1,dead_code_insertion,none,34
tb_pos_train_101,train,code_samples/sample_0201_src_p25.py,code_samples/sample_0202_dead_code_insertion.py,1,dead_code_insertion,none,25
tb_pos_train_102,train,code_samples/sample_0203_src_p37.py,code_samples/sample_0204_dead_code_insertion.py,1,dead_code_insertion,none,37
tb_pos_train_103,train,code_samples/sample_0205_src_p17.py,code_samples/sample_0206_dead_code_insertion.py,1,dead_code_insertion,none,17
tb_pos_train_104,train,code_samples/sample_0207_src_p25.py,code_samples/sample_0208_dead_code_insertion.py,1,dead_code_insertion,none,25
tb_pos_train_105,train,code_samples/sample_0209_src_p12.py,code_samples/sample_0210_dead_code_insertion.py,1,dead_code_insertion,none,12
tb_pos_train_106,train,code_samples/sample_0211_src_p20.py,code_samples/sample_0212_dead_code_insertion.py,1,dead_code_insertion,none,20
tb_pos_train_107,train,code_samples/sample_0213_src_p26.py,code_samples/sample_0214_dead_code_insertion.py,1,dead_code_insertion,none,26
tb_pos_train_108,train,code_samples/sample_0215_src_p40.py,code_samples/sample_0216_dead_code_insertion.py,1,dead_code_insertion,none,40
tb_pos_train_109,train,code_samples/sample_0217_src_p29.py,code_samples/sample_0218_dead_code_insertion.py,1,dead_code_insertion,none,29
tb_pos_train_110,train,code_samples/sample_0219_src_p24.py,code_samples/sample_0220_dead_code_insertion.py,1,dead_code_insertion,none,24
tb_pos_train_111,train,code_samples/sample_0221_src_p5.py,code_samples/sample_0222_dead_code_insertion.py,1,dead_code_insertion,none,5
tb_pos_train_112,train,code_samples/sample_0223_src_p38.py,code_samples/sample_0224_dead_code_insertion.py,1,dead_code_insertion,none,38
tb_pos_train_113,train,code_samples/sample_0225_src_p13.py,code_samples/sample_0226_dead_code_insertion.py,1,dead_code_insertion,none,13
tb_pos_train_114,train,code_samples/sample_0227_src_p13.py,code_samples/sample_0228_dead_code_insertion.py,1,dead_code_insertion,none,13
tb_pos_train_115,train,code_samples/sample_0229_src_p4.py,code_samples/sample_0230_dead_code_insertion.py,1,dead_code_insertion,none,4
tb_pos_train_116,train,code_samples/sample_0231_src_p33.py,code_samples/sample_0232_dead_code_insertion.py,1,dead_code_insertion,none,33
tb_pos_train_117,train,code_samples/sample_0233_src_p36.py,code_samples/sample_0234_dead_code_insertion.py,1,dead_code_insertion,none,36
tb_pos_train_118,train,code_samples/sample_0235_src_p34.py,code_samples/sample_0236_dead_code_insertion.py,1,dead_code_insertion,none,34
tb_pos_train_119,train,code_samples/sample_0237_src_p34.py,code_samples/sample_0238_dead_code_insertion.py,1,dead_code_insertion,none,34
tb_pos_train_120,train,code_samples/sample_0239_src_p10.py,code_samples/sample_0240_dead_code_insertion.py,1,dead_code_insertion,none,10
tb_pos_train_121,train,code_samples/sample_0241_src_p24.py,code_samples/sample_0242_combined.py,1,combined,none,24
tb_pos_train_122,train,code_samples/sample_0243_src_p11.py,code_samples/sample_0244_combined.py,1,combined,none,11
tb_pos_train_123,train,code_samples/sample_0245_src_p25.py,code_samples/sample_0246_combined.py,1,combined,none,25
tb_pos_train_124,train,code_samples/sample_0247_src_p22.py,code_samples/sample_0248_combined.py,1,combined,none,22
tb_pos_train_125,train,code_samples/sample_0249_src_p40.py,code_samples/sample_0250_combined.py,1,combined,none,40
tb_pos_train_126,train,code_samples/sample_0251_src_p34.py,code_samples/sample_0252_combined.py,1,combined,none,34
tb_pos_train_127,train,code_samples/sample_0253_src_p32.py,code_samples/sample_0254_combined.py,1,combined,none,32
tb_pos_train_128,train,code_samples/sample_0255_src_p32.py,code_samples/sample_0256_combined.py,1,combined,none,32
tb_pos_train_129,train,code_samples/sample_0257_src_p21.py,code_samples/sample_0258_combined.py,1,combined,none,21
tb_pos_train_130,train,code_samples/sample_0259_src_p30.py,code_samples/sample_0260_combined.py,1,combined,none,30
tb_pos_train_131,train,code_samples/sample_0261_src_p23.py,code_samples/sample_0262_combined.py,1,combined,none,23
tb_pos_train_132,train,code_samples/sample_0263_src_p23.py,code_samples/sample_0264_combined.py,1,combined,none,23
tb_pos_train_133,train,code_samples/sample_0265_src_p13.py,code_samples/sample_0266_combined.py,1,combined,none,13
tb_pos_train_134,train,code_samples/sample_0267_src_p4.py,code_samples/sample_0268_combined.py,1,combined,none,4
tb_pos_train_135,train,code_samples/sample_0269_src_p1.py,code_samples/sample_0270_combined.py,1,combined,none,1
tb_pos_train_136,train,code_samples/sample_0271_src_p26.py,code_samples/sample_0272_combined.py,1,combined,none,26
tb_pos_train_137,train,code_samples/sample_0273_src_p27.py,code_samples/sample_0274_combined.py,1,combined,none,27
tb_pos_train_138,train,code_samples/sample_0275_src_p1.py,code_samples/sample_0276_combined.py,1,combined,none,1
tb_pos_train_139,train,code_samples/sample_0277_src_p32.py,code_samples/sample_0278_combined.py,1,combined,none,32
tb_pos_train_140,train,code_samples/sample_0279_src_p3.py,code_samples/sample_0280_combined.py,1,combined,none,3
tb_pos_train_141,train,code_samples/sample_0281_src_p4.py,code_samples/sample_0282_combined.py,1,combined,none,4
tb_pos_train_142,train,code_samples/sample_0283_src_p37.py,code_samples/sample_0284_combined.py,1,combined,none,37
tb_pos_train_143,train,code_samples/sample_0285_src_p4.py,code_samples/sample_0286_combined.py,1,combined,none,4
tb_pos_train_144,train,code_samples/sample_0287_src_p13.py,code_samples/sample_0288_combined.py,1,combined,none,13
tb_pos_train_145,train,code_samples/sample_0289_src_p31.py,code_samples/sample_0290_combined.py,1,combined,none,31
tb_pos_train_146,train,code_samples/sample_0291_src_p12.py,code_samples/sample_0292_combined.py,1,combined,none,12
tb_pos_train_147,train,code_samples/sample_0293_src_p10.py,code_samples/sample_0294_combined.py,1,combined,none,10
tb_pos_train_148,train,code_samples/sample_0295_src_p40.py,code_samples/sample_0296_combined.py,1,combined,none,40
tb_pos_train_149,train,code_samples/sample_0297_src_p27.py,code_samples/sample_0298_combined.py,1,combined,none,27
tb_pos_train_150,train,code_samples/sample_0299_src_p13.py,code_samples/sample_0300_combined.py,1,combined,none,13
tb_neg_easy_train_151,train,code_samples/sample_0301_src_p35.py,code_samples/sample_0302_src_p22.py,0,none,easy,35_22
tb_neg_easy_train_152,train,code_samples/sample_0303_src_p5.py,code_samples/sample_0304_src_p31.py,0,none,easy,5_31
tb_neg_easy_train_153,train,code_samples/sample_0305_src_p22.py,code_samples/sample_0306_src_p23.py,0,none,easy,22_23
tb_neg_easy_train_154,train,code_samples/sample_0307_src_p31.py,code_samples/sample_0308_src_p30.py,0,none,easy,31_30
tb_neg_easy_train_155,train,code_samples/sample_0309_src_p3.py,code_samples/sample_0310_src_p21.py,0,none,easy,3_21
tb_neg_easy_train_156,train,code_samples/sample_0311_src_p35.py,code_samples/sample_0312_src_p37.py,0,none,easy,35_37
tb_neg_easy_train_157,train,code_samples/sample_0313_src_p12.py,code_samples/sample_0314_src_p26.py,0,none,easy,12_26
tb_neg_easy_train_158,train,code_samples/sample_0315_src_p22.py,code_samples/sample_0316_src_p11.py,0,none,easy,22_11
tb_neg_easy_train_159,train,code_samples/sample_0317_src_p13.py,code_samples/sample_0318_src_p37.py,0,none,easy,13_37
tb_neg_easy_train_160,train,code_samples/sample_0319_src_p35.py,code_samples/sample_0320_src_p37.py,0,none,easy,35_37
tb_neg_easy_train_161,train,code_samples/sample_0321_src_p3.py,code_samples/sample_0322_src_p30.py,0,none,easy,3_30
tb_neg_easy_train_162,train,code_samples/sample_0323_src_p4.py,code_samples/sample_0324_src_p40.py,0,none,easy,4_40
tb_neg_easy_train_163,train,code_samples/sample_0325_src_p11.py,code_samples/sample_0326_src_p22.py,0,none,easy,11_22
tb_neg_easy_train_164,train,code_samples/sample_0327_src_p12.py,code_samples/sample_0328_src_p37.py,0,none,easy,12_37
tb_neg_easy_train_165,train,code_samples/sample_0329_src_p11.py,code_samples/sample_0330_src_p21.py,0,none,easy,11_21
tb_neg_easy_train_166,train,code_samples/sample_0331_src_p14.py,code_samples/sample_0332_src_p40.py,0,none,easy,14_40
tb_neg_easy_train_167,train,code_samples/sample_0333_src_p22.py,code_samples/sample_0334_src_p32.py,0,none,easy,22_32
tb_neg_easy_train_168,train,code_samples/sample_0335_src_p31.py,code_samples/sample_0336_src_p32.py,0,none,easy,31_32
tb_neg_easy_train_169,train,code_samples/sample_0337_src_p12.py,code_samples/sample_0338_src_p17.py,0,none,easy,12_17
tb_neg_easy_train_170,train,code_samples/sample_0339_src_p27.py,code_samples/sample_0340_src_p33.py,0,none,easy,27_33
tb_neg_easy_train_171,train,code_samples/sample_0341_src_p33.py,code_samples/sample_0342_src_p19.py,0,none,easy,33_19
tb_neg_easy_train_172,train,code_samples/sample_0343_src_p27.py,code_samples/sample_0344_src_p24.py,0,none,easy,27_24
tb_neg_easy_train_173,train,code_samples/sample_0345_src_p11.py,code_samples/sample_0346_src_p3.py,0,none,easy,11_3
tb_neg_easy_train_174,train,code_samples/sample_0347_src_p37.py,code_samples/sample_0348_src_p11.py,0,none,easy,37_11
tb_neg_easy_train_175,train,code_samples/sample_0349_src_p4.py,code_samples/sample_0350_src_p31.py,0,none,easy,4_31
tb_neg_easy_train_176,train,code_samples/sample_0351_src_p21.py,code_samples/sample_0352_src_p5.py,0,none,easy,21_5
tb_neg_easy_train_177,train,code_samples/sample_0353_src_p27.py,code_samples/sample_0354_src_p29.py,0,none,easy,27_29
tb_neg_easy_train_178,train,code_samples/sample_0355_src_p4.py,code_samples/sample_0356_src_p22.py,0,none,easy,4_22
tb_neg_easy_train_179,train,code_samples/sample_0357_src_p27.py,code_samples/sample_0358_src_p25.py,0,none,easy,27_25
tb_neg_easy_train_180,train,code_samples/sample_0359_src_p12.py,code_samples/sample_0360_src_p31.py,0,none,easy,12_31
tb_neg_hard_train_181,train,code_samples/sample_0361_src_p13_a.py,code_samples/sample_0362_src_p13_b.py,0,none,hard,13
tb_neg_hard_train_182,train,code_samples/sample_0363_src_p10_a.py,code_samples/sample_0364_src_p10_b.py,0,none,hard,10
tb_neg_hard_train_183,train,code_samples/sample_0365_src_p17_a.py,code_samples/sample_0366_src_p17_b.py,0,none,hard,17
tb_neg_hard_train_184,train,code_samples/sample_0367_src_p40_a.py,code_samples/sample_0368_src_p40_b.py,0,none,hard,40
tb_neg_hard_train_185,train,code_samples/sample_0369_src_p23_a.py,code_samples/sample_0370_src_p23_b.py,0,none,hard,23
tb_neg_hard_train_186,train,code_samples/sample_0371_src_p5_a.py,code_samples/sample_0372_src_p5_b.py,0,none,hard,5
tb_neg_hard_train_187,train,code_samples/sample_0373_src_p12_a.py,code_samples/sample_0374_src_p12_b.py,0,none,hard,12
tb_neg_hard_train_188,train,code_samples/sample_0375_src_p10_a.py,code_samples/sample_0376_src_p10_b.py,0,none,hard,10
tb_neg_hard_train_189,train,code_samples/sample_0377_src_p38_a.py,code_samples/sample_0378_src_p38_b.py,0,none,hard,38
tb_neg_hard_train_190,train,code_samples/sample_0379_src_p17_a.py,code_samples/sample_0380_src_p17_b.py,0,none,hard,17
tb_neg_hard_train_191,train,code_samples/sample_0381_src_p36_a.py,code_samples/sample_0382_src_p36_b.py,0,none,hard,36
tb_neg_hard_train_192,train,code_samples/sample_0383_src_p29_a.py,code_samples/sample_0384_src_p29_b.py,0,none,hard,29
tb_neg_hard_train_193,train,code_samples/sample_0385_src_p1_a.py,code_samples/sample_0386_src_p1_b.py,0,none,hard,1
tb_neg_hard_train_194,train,code_samples/sample_0387_src_p17_a.py,code_samples/sample_0388_src_p17_b.py,0,none,hard,17
tb_neg_hard_train_195,train,code_samples/sample_0389_src_p38_a.py,code_samples/sample_0390_src_p38_b.py,0,none,hard,38
tb_neg_hard_train_196,train,code_samples/sample_0391_src_p5_a.py,code_samples/sample_0392_src_p5_b.py,0,none,hard,5
tb_neg_hard_train_197,train,code_samples/sample_0393_src_p26_a.py,code_samples/sample_0394_src_p26_b.py,0,none,hard,26
tb_neg_hard_train_198,train,code_samples/sample_0395_src_p17_a.py,code_samples/sample_0396_src_p17_b.py,0,none,hard,17
tb_neg_hard_train_199,train,code_samples/sample_0397_src_p32_a.py,code_samples/sample_0398_src_p32_b.py,0,none,hard,32
tb_neg_hard_train_200,train,code_samples/sample_0399_src_p31_a.py,code_samples/sample_0400_src_p31_b.py,0,none,hard,31
tb_neg_hard_train_201,train,code_samples/sample_0401_src_p25_a.py,code_samples/sample_0402_src_p25_b.py,0,none,hard,25
tb_neg_hard_train_202,train,code_samples/sample_0403_src_p38_a.py,code_samples/sample_0404_src_p38_b.py,0,none,hard,38
tb_neg_hard_train_203,train,code_samples/sample_0405_src_p30_a.py,code_samples/sample_0406_src_p30_b.py,0,none,hard,30
tb_neg_hard_train_204,train,code_samples/sample_0407_src_p3_a.py,code_samples/sample_0408_src_p3_b.py,0,none,hard,3
tb_neg_hard_train_205,train,code_samples/sample_0409_src_p34_a.py,code_samples/sample_0410_src_p34_b.py,0,none,hard,34
tb_neg_hard_train_206,train,code_samples/sample_0411_src_p11_a.py,code_samples/sample_0412_src_p11_b.py,0,none,hard,11
tb_neg_hard_train_207,train,code_samples/sample_0413_src_p26_a.py,code_samples/sample_0414_src_p26_b.py,0,none,hard,26
tb_neg_hard_train_208,train,code_samples/sample_0415_src_p26_a.py,code_samples/sample_0416_src_p26_b.py,0,none,hard,26
tb_neg_hard_train_209,train,code_samples/sample_0417_src_p4_a.py,code_samples/sample_0418_src_p4_b.py,0,none,hard,4
tb_neg_hard_train_210,train,code_samples/sample_0419_src_p26_a.py,code_samples/sample_0420_src_p26_b.py,0,none,hard,26
tb_pos_test_211,test,code_samples/sample_0421_src_p39.py,code_samples/sample_0422_formatting_change.py,1,formatting_change,none,39
tb_pos_test_212,test,code_samples/sample_0423_src_p7.py,code_samples/sample_0424_formatting_change.py,1,formatting_change,none,7
tb_pos_test_213,test,code_samples/sample_0425_src_p7.py,code_samples/sample_0426_formatting_change.py,1,formatting_change,none,7
tb_pos_test_214,test,code_samples/sample_0427_src_p9.py,code_samples/sample_0428_formatting_change.py,1,formatting_change,none,9
tb_pos_test_215,test,code_samples/sample_0429_src_p2.py,code_samples/sample_0430_formatting_change.py,1,formatting_change,none,2
tb_pos_test_216,test,code_samples/sample_0431_src_p8.py,code_samples/sample_0432_formatting_change.py,1,formatting_change,none,8
tb_pos_test_217,test,code_samples/sample_0433_src_p8.py,code_samples/sample_0434_formatting_change.py,1,formatting_change,none,8
tb_pos_test_218,test,code_samples/sample_0435_src_p6.py,code_samples/sample_0436_formatting_change.py,1,formatting_change,none,6
tb_pos_test_219,test,code_samples/sample_0437_src_p28.py,code_samples/sample_0438_formatting_change.py,1,formatting_change,none,28
tb_pos_test_220,test,code_samples/sample_0439_src_p39.py,code_samples/sample_0440_formatting_change.py,1,formatting_change,none,39
tb_pos_test_221,test,code_samples/sample_0441_src_p7.py,code_samples/sample_0442_formatting_change.py,1,formatting_change,none,7
tb_pos_test_222,test,code_samples/sample_0443_src_p7.py,code_samples/sample_0444_formatting_change.py,1,formatting_change,none,7
tb_pos_test_223,test,code_samples/sample_0445_src_p7.py,code_samples/sample_0446_formatting_change.py,1,formatting_change,none,7
tb_pos_test_224,test,code_samples/sample_0447_src_p2.py,code_samples/sample_0448_formatting_change.py,1,formatting_change,none,2
tb_pos_test_225,test,code_samples/sample_0449_src_p15.py,code_samples/sample_0450_formatting_change.py,1,formatting_change,none,15
tb_pos_test_226,test,code_samples/sample_0451_src_p8.py,code_samples/sample_0452_formatting_change.py,1,formatting_change,none,8
tb_pos_test_227,test,code_samples/sample_0453_src_p7.py,code_samples/sample_0454_formatting_change.py,1,formatting_change,none,7
tb_pos_test_228,test,code_samples/sample_0455_src_p6.py,code_samples/sample_0456_formatting_change.py,1,formatting_change,none,6
tb_pos_test_229,test,code_samples/sample_0457_src_p2.py,code_samples/sample_0458_formatting_change.py,1,formatting_change,none,2
tb_pos_test_230,test,code_samples/sample_0459_src_p18.py,code_samples/sample_0460_formatting_change.py,1,formatting_change,none,18
tb_pos_test_231,test,code_samples/sample_0461_src_p8.py,code_samples/sample_0462_formatting_change.py,1,formatting_change,none,8
tb_pos_test_232,test,code_samples/sample_0463_src_p18.py,code_samples/sample_0464_formatting_change.py,1,formatting_change,none,18
tb_pos_test_233,test,code_samples/sample_0465_src_p9.py,code_samples/sample_0466_formatting_change.py,1,formatting_change,none,9
tb_pos_test_234,test,code_samples/sample_0467_src_p8.py,code_samples/sample_0468_formatting_change.py,1,formatting_change,none,8
tb_pos_test_235,test,code_samples/sample_0469_src_p2.py,code_samples/sample_0470_formatting_change.py,1,formatting_change,none,2
tb_pos_test_236,test,code_samples/sample_0471_src_p8.py,code_samples/sample_0472_formatting_change.py,1,formatting_change,none,8
tb_pos_test_237,test,code_samples/sample_0473_src_p15.py,code_samples/sample_0474_formatting_change.py,1,formatting_change,none,15
tb_pos_test_238,test,code_samples/sample_0475_src_p6.py,code_samples/sample_0476_formatting_change.py,1,formatting_change,none,6
tb_pos_test_239,test,code_samples/sample_0477_src_p9.py,code_samples/sample_0478_formatting_change.py,1,formatting_change,none,9
tb_pos_test_240,test,code_samples/sample_0479_src_p28.py,code_samples/sample_0480_formatting_change.py,1,formatting_change,none,28
tb_pos_test_241,test,code_samples/sample_0481_src_p28.py,code_samples/sample_0482_variable_renaming.py,1,variable_renaming,none,28
tb_pos_test_242,test,code_samples/sample_0483_src_p2.py,code_samples/sample_0484_variable_renaming.py,1,variable_renaming,none,2
tb_pos_test_243,test,code_samples/sample_0485_src_p9.py,code_samples/sample_0486_variable_renaming.py,1,variable_renaming,none,9
tb_pos_test_244,test,code_samples/sample_0487_src_p39.py,code_samples/sample_0488_variable_renaming.py,1,variable_renaming,none,39
tb_pos_test_245,test,code_samples/sample_0489_src_p2.py,code_samples/sample_0490_variable_renaming.py,1,variable_renaming,none,2
tb_pos_test_246,test,code_samples/sample_0491_src_p39.py,code_samples/sample_0492_variable_renaming.py,1,variable_renaming,none,39
tb_pos_test_247,test,code_samples/sample_0493_src_p15.py,code_samples/sample_0494_variable_renaming.py,1,variable_renaming,none,15
tb_pos_test_248,test,code_samples/sample_0495_src_p15.py,code_samples/sample_0496_variable_renaming.py,1,variable_renaming,none,15
tb_pos_test_249,test,code_samples/sample_0497_src_p39.py,code_samples/sample_0498_variable_renaming.py,1,variable_renaming,none,39
tb_pos_test_250,test,code_samples/sample_0499_src_p6.py,code_samples/sample_0500_variable_renaming.py,1,variable_renaming,none,6
tb_pos_test_251,test,code_samples/sample_0501_src_p39.py,code_samples/sample_0502_variable_renaming.py,1,variable_renaming,none,39
tb_pos_test_252,test,code_samples/sample_0503_src_p9.py,code_samples/sample_0504_variable_renaming.py,1,variable_renaming,none,9
tb_pos_test_253,test,code_samples/sample_0505_src_p16.py,code_samples/sample_0506_variable_renaming.py,1,variable_renaming,none,16
tb_pos_test_254,test,code_samples/sample_0507_src_p28.py,code_samples/sample_0508_variable_renaming.py,1,variable_renaming,none,28
tb_pos_test_255,test,code_samples/sample_0509_src_p8.py,code_samples/sample_0510_variable_renaming.py,1,variable_renaming,none,8
tb_pos_test_256,test,code_samples/sample_0511_src_p16.py,code_samples/sample_0512_variable_renaming.py,1,variable_renaming,none,16
tb_pos_test_257,test,code_samples/sample_0513_src_p15.py,code_samples/sample_0514_variable_renaming.py,1,variable_renaming,none,15
tb_pos_test_258,test,code_samples/sample_0515_src_p15.py,code_samples/sample_0516_variable_renaming.py,1,variable_renaming,none,15
tb_pos_test_259,test,code_samples/sample_0517_src_p6.py,code_samples/sample_0518_variable_renaming.py,1,variable_renaming,none,6
tb_pos_test_260,test,code_samples/sample_0519_src_p9.py,code_samples/sample_0520_variable_renaming.py,1,variable_renaming,none,9
tb_pos_test_261,test,code_samples/sample_0521_src_p9.py,code_samples/sample_0522_variable_renaming.py,1,variable_renaming,none,9
tb_pos_test_262,test,code_samples/sample_0523_src_p16.py,code_samples/sample_0524_variable_renaming.py,1,variable_renaming,none,16
tb_pos_test_263,test,code_samples/sample_0525_src_p16.py,code_samples/sample_0526_variable_renaming.py,1,variable_renaming,none,16
tb_pos_test_264,test,code_samples/sample_0527_src_p9.py,code_samples/sample_0528_variable_renaming.py,1,variable_renaming,none,9
tb_pos_test_265,test,code_samples/sample_0529_src_p7.py,code_samples/sample_0530_variable_renaming.py,1,variable_renaming,none,7
tb_pos_test_266,test,code_samples/sample_0531_src_p16.py,code_samples/sample_0532_variable_renaming.py,1,variable_renaming,none,16
tb_pos_test_267,test,code_samples/sample_0533_src_p16.py,code_samples/sample_0534_variable_renaming.py,1,variable_renaming,none,16
tb_pos_test_268,test,code_samples/sample_0535_src_p7.py,code_samples/sample_0536_variable_renaming.py,1,variable_renaming,none,7
tb_pos_test_269,test,code_samples/sample_0537_src_p39.py,code_samples/sample_0538_variable_renaming.py,1,variable_renaming,none,39
tb_pos_test_270,test,code_samples/sample_0539_src_p16.py,code_samples/sample_0540_variable_renaming.py,1,variable_renaming,none,16
tb_pos_test_271,test,code_samples/sample_0541_src_p2.py,code_samples/sample_0542_structural_refactoring.py,1,structural_refactoring,none,2
tb_pos_test_272,test,code_samples/sample_0543_src_p9.py,code_samples/sample_0544_structural_refactoring.py,1,structural_refactoring,none,9
tb_pos_test_273,test,code_samples/sample_0545_src_p16.py,code_samples/sample_0546_structural_refactoring.py,1,structural_refactoring,none,16
tb_pos_test_274,test,code_samples/sample_0547_src_p39.py,code_samples/sample_0548_structural_refactoring.py,1,structural_refactoring,none,39
tb_pos_test_275,test,code_samples/sample_0549_src_p15.py,code_samples/sample_0550_structural_refactoring.py,1,structural_refactoring,none,15
tb_pos_test_276,test,code_samples/sample_0551_src_p18.py,code_samples/sample_0552_structural_refactoring.py,1,structural_refactoring,none,18
tb_pos_test_277,test,code_samples/sample_0553_src_p8.py,code_samples/sample_0554_structural_refactoring.py,1,structural_refactoring,none,8
tb_pos_test_278,test,code_samples/sample_0555_src_p18.py,code_samples/sample_0556_structural_refactoring.py,1,structural_refactoring,none,18
tb_pos_test_279,test,code_samples/sample_0557_src_p7.py,code_samples/sample_0558_structural_refactoring.py,1,structural_refactoring,none,7
tb_pos_test_280,test,code_samples/sample_0559_src_p6.py,code_samples/sample_0560_structural_refactoring.py,1,structural_refactoring,none,6
tb_pos_test_281,test,code_samples/sample_0561_src_p28.py,code_samples/sample_0562_structural_refactoring.py,1,structural_refactoring,none,28
tb_pos_test_282,test,code_samples/sample_0563_src_p39.py,code_samples/sample_0564_structural_refactoring.py,1,structural_refactoring,none,39
tb_pos_test_283,test,code_samples/sample_0565_src_p6.py,code_samples/sample_0566_structural_refactoring.py,1,structural_refactoring,none,6
tb_pos_test_284,test,code_samples/sample_0567_src_p8.py,code_samples/sample_0568_structural_refactoring.py,1,structural_refactoring,none,8
tb_pos_test_285,test,code_samples/sample_0569_src_p9.py,code_samples/sample_0570_structural_refactoring.py,1,structural_refactoring,none,9
tb_pos_test_286,test,code_samples/sample_0571_src_p8.py,code_samples/sample_0572_structural_refactoring.py,1,structural_refactoring,none,8
tb_pos_test_287,test,code_samples/sample_0573_src_p2.py,code_samples/sample_0574_structural_refactoring.py,1,structural_refactoring,none,2
tb_pos_test_288,test,code_samples/sample_0575_src_p8.py,code_samples/sample_0576_structural_refactoring.py,1,structural_refactoring,none,8
tb_pos_test_289,test,code_samples/sample_0577_src_p39.py,code_samples/sample_0578_structural_refactoring.py,1,structural_refactoring,none,39
tb_pos_test_290,test,code_samples/sample_0579_src_p18.py,code_samples/sample_0580_structural_refactoring.py,1,structural_refactoring,none,18
tb_pos_test_291,test,code_samples/sample_0581_src_p39.py,code_samples/sample_0582_structural_refactoring.py,1,structural_refactoring,none,39
tb_pos_test_292,test,code_samples/sample_0583_src_p16.py,code_samples/sample_0584_structural_refactoring.py,1,structural_refactoring,none,16
tb_pos_test_293,test,code_samples/sample_0585_src_p16.py,code_samples/sample_0586_structural_refactoring.py,1,structural_refactoring,none,16
tb_pos_test_294,test,code_samples/sample_0587_src_p7.py,code_samples/sample_0588_structural_refactoring.py,1,structural_refactoring,none,7
tb_pos_test_295,test,code_samples/sample_0589_src_p2.py,code_samples/sample_0590_structural_refactoring.py,1,structural_refactoring,none,2
tb_pos_test_296,test,code_samples/sample_0591_src_p6.py,code_samples/sample_0592_structural_refactoring.py,1,structural_refactoring,none,6
tb_pos_test_297,test,code_samples/sample_0593_src_p16.py,code_samples/sample_0594_structural_refactoring.py,1,structural_refactoring,none,16
tb_pos_test_298,test,code_samples/sample_0595_src_p7.py,code_samples/sample_0596_structural_refactoring.py,1,structural_refactoring,none,7
tb_pos_test_299,test,code_samples/sample_0597_src_p28.py,code_samples/sample_0598_structural_refactoring.py,1,structural_refactoring,none,28
tb_pos_test_300,test,code_samples/sample_0599_src_p2.py,code_samples/sample_0600_structural_refactoring.py,1,structural_refactoring,none,2
tb_pos_test_301,test,code_samples/sample_0601_src_p8.py,code_samples/sample_0602_dead_code_insertion.py,1,dead_code_insertion,none,8
tb_pos_test_302,test,code_samples/sample_0603_src_p6.py,code_samples/sample_0604_dead_code_insertion.py,1,dead_code_insertion,none,6
tb_pos_test_303,test,code_samples/sample_0605_src_p7.py,code_samples/sample_0606_dead_code_insertion.py,1,dead_code_insertion,none,7
tb_pos_test_304,test,code_samples/sample_0607_src_p18.py,code_samples/sample_0608_dead_code_insertion.py,1,dead_code_insertion,none,18
tb_pos_test_305,test,code_samples/sample_0609_src_p28.py,code_samples/sample_0610_dead_code_insertion.py,1,dead_code_insertion,none,28
tb_pos_test_306,test,code_samples/sample_0611_src_p39.py,code_samples/sample_0612_dead_code_insertion.py,1,dead_code_insertion,none,39
tb_pos_test_307,test,code_samples/sample_0613_src_p18.py,code_samples/sample_0614_dead_code_insertion.py,1,dead_code_insertion,none,18
tb_pos_test_308,test,code_samples/sample_0615_src_p28.py,code_samples/sample_0616_dead_code_insertion.py,1,dead_code_insertion,none,28
tb_pos_test_309,test,code_samples/sample_0617_src_p28.py,code_samples/sample_0618_dead_code_insertion.py,1,dead_code_insertion,none,28
tb_pos_test_310,test,code_samples/sample_0619_src_p7.py,code_samples/sample_0620_dead_code_insertion.py,1,dead_code_insertion,none,7
tb_pos_test_311,test,code_samples/sample_0621_src_p18.py,code_samples/sample_0622_dead_code_insertion.py,1,dead_code_insertion,none,18
tb_pos_test_312,test,code_samples/sample_0623_src_p9.py,code_samples/sample_0624_dead_code_insertion.py,1,dead_code_insertion,none,9
tb_pos_test_313,test,code_samples/sample_0625_src_p8.py,code_samples/sample_0626_dead_code_insertion.py,1,dead_code_insertion,none,8
tb_pos_test_314,test,code_samples/sample_0627_src_p9.py,code_samples/sample_0628_dead_code_insertion.py,1,dead_code_insertion,none,9
tb_pos_test_315,test,code_samples/sample_0629_src_p28.py,code_samples/sample_0630_dead_code_insertion.py,1,dead_code_insertion,none,28
tb_pos_test_316,test,code_samples/sample_0631_src_p8.py,code_samples/sample_0632_dead_code_insertion.py,1,dead_code_insertion,none,8
tb_pos_test_317,test,code_samples/sample_0633_src_p18.py,code_samples/sample_0634_dead_code_insertion.py,1,dead_code_insertion,none,18
tb_pos_test_318,test,code_samples/sample_0635_src_p9.py,code_samples/sample_0636_dead_code_insertion.py,1,dead_code_insertion,none,9
tb_pos_test_319,test,code_samples/sample_0637_src_p9.py,code_samples/sample_0638_dead_code_insertion.py,1,dead_code_insertion,none,9
tb_pos_test_320,test,code_samples/sample_0639_src_p15.py,code_samples/sample_0640_dead_code_insertion.py,1,dead_code_insertion,none,15
tb_pos_test_321,test,code_samples/sample_0641_src_p6.py,code_samples/sample_0642_dead_code_insertion.py,1,dead_code_insertion,none,6
tb_pos_test_322,test,code_samples/sample_0643_src_p7.py,code_samples/sample_0644_dead_code_insertion.py,1,dead_code_insertion,none,7
tb_pos_test_323,test,code_samples/sample_0645_src_p16.py,code_samples/sample_0646_dead_code_insertion.py,1,dead_code_insertion,none,16
tb_pos_test_324,test,code_samples/sample_0647_src_p7.py,code_samples/sample_0648_dead_code_insertion.py,1,dead_code_insertion,none,7
tb_pos_test_325,test,code_samples/sample_0649_src_p8.py,code_samples/sample_0650_dead_code_insertion.py,1,dead_code_insertion,none,8
tb_pos_test_326,test,code_samples/sample_0651_src_p16.py,code_samples/sample_0652_dead_code_insertion.py,1,dead_code_insertion,none,16
tb_pos_test_327,test,code_samples/sample_0653_src_p15.py,code_samples/sample_0654_dead_code_insertion.py,1,dead_code_insertion,none,15
tb_pos_test_328,test,code_samples/sample_0655_src_p18.py,code_samples/sample_0656_dead_code_insertion.py,1,dead_code_insertion,none,18
tb_pos_test_329,test,code_samples/sample_0657_src_p2.py,code_samples/sample_0658_dead_code_insertion.py,1,dead_code_insertion,none,2
tb_pos_test_330,test,code_samples/sample_0659_src_p16.py,code_samples/sample_0660_dead_code_insertion.py,1,dead_code_insertion,none,16
tb_pos_test_331,test,code_samples/sample_0661_src_p39.py,code_samples/sample_0662_combined.py,1,combined,none,39
tb_pos_test_332,test,code_samples/sample_0663_src_p2.py,code_samples/sample_0664_combined.py,1,combined,none,2
tb_pos_test_333,test,code_samples/sample_0665_src_p39.py,code_samples/sample_0666_combined.py,1,combined,none,39
tb_pos_test_334,test,code_samples/sample_0667_src_p18.py,code_samples/sample_0668_combined.py,1,combined,none,18
tb_pos_test_335,test,code_samples/sample_0669_src_p15.py,code_samples/sample_0670_combined.py,1,combined,none,15
tb_pos_test_336,test,code_samples/sample_0671_src_p16.py,code_samples/sample_0672_combined.py,1,combined,none,16
tb_pos_test_337,test,code_samples/sample_0673_src_p28.py,code_samples/sample_0674_combined.py,1,combined,none,28
tb_pos_test_338,test,code_samples/sample_0675_src_p28.py,code_samples/sample_0676_combined.py,1,combined,none,28
tb_pos_test_339,test,code_samples/sample_0677_src_p8.py,code_samples/sample_0678_combined.py,1,combined,none,8
tb_pos_test_340,test,code_samples/sample_0679_src_p8.py,code_samples/sample_0680_combined.py,1,combined,none,8
tb_pos_test_341,test,code_samples/sample_0681_src_p16.py,code_samples/sample_0682_combined.py,1,combined,none,16
tb_pos_test_342,test,code_samples/sample_0683_src_p2.py,code_samples/sample_0684_combined.py,1,combined,none,2
tb_pos_test_343,test,code_samples/sample_0685_src_p15.py,code_samples/sample_0686_combined.py,1,combined,none,15
tb_pos_test_344,test,code_samples/sample_0687_src_p16.py,code_samples/sample_0688_combined.py,1,combined,none,16
tb_pos_test_345,test,code_samples/sample_0689_src_p7.py,code_samples/sample_0690_combined.py,1,combined,none,7
tb_pos_test_346,test,code_samples/sample_0691_src_p18.py,code_samples/sample_0692_combined.py,1,combined,none,18
tb_pos_test_347,test,code_samples/sample_0693_src_p39.py,code_samples/sample_0694_combined.py,1,combined,none,39
tb_pos_test_348,test,code_samples/sample_0695_src_p2.py,code_samples/sample_0696_combined.py,1,combined,none,2
tb_pos_test_349,test,code_samples/sample_0697_src_p39.py,code_samples/sample_0698_combined.py,1,combined,none,39
tb_pos_test_350,test,code_samples/sample_0699_src_p2.py,code_samples/sample_0700_combined.py,1,combined,none,2
tb_pos_test_351,test,code_samples/sample_0701_src_p16.py,code_samples/sample_0702_combined.py,1,combined,none,16
tb_pos_test_352,test,code_samples/sample_0703_src_p18.py,code_samples/sample_0704_combined.py,1,combined,none,18
tb_pos_test_353,test,code_samples/sample_0705_src_p2.py,code_samples/sample_0706_combined.py,1,combined,none,2
tb_pos_test_354,test,code_samples/sample_0707_src_p16.py,code_samples/sample_0708_combined.py,1,combined,none,16
tb_pos_test_355,test,code_samples/sample_0709_src_p8.py,code_samples/sample_0710_combined.py,1,combined,none,8
tb_pos_test_356,test,code_samples/sample_0711_src_p15.py,code_samples/sample_0712_combined.py,1,combined,none,15
tb_pos_test_357,test,code_samples/sample_0713_src_p16.py,code_samples/sample_0714_combined.py,1,combined,none,16
tb_pos_test_358,test,code_samples/sample_0715_src_p16.py,code_samples/sample_0716_combined.py,1,combined,none,16
tb_pos_test_359,test,code_samples/sample_0717_src_p6.py,code_samples/sample_0718_combined.py,1,combined,none,6
tb_pos_test_360,test,code_samples/sample_0719_src_p2.py,code_samples/sample_0720_combined.py,1,combined,none,2
tb_neg_easy_test_361,test,code_samples/sample_0721_src_p28.py,code_samples/sample_0722_src_p2.py,0,none,easy,28_2
tb_neg_easy_test_362,test,code_samples/sample_0723_src_p6.py,code_samples/sample_0724_src_p2.py,0,none,easy,6_2
tb_neg_easy_test_363,test,code_samples/sample_0725_src_p8.py,code_samples/sample_0726_src_p39.py,0,none,easy,8_39
tb_neg_easy_test_364,test,code_samples/sample_0727_src_p39.py,code_samples/sample_0728_src_p7.py,0,none,easy,39_7
tb_neg_easy_test_365,test,code_samples/sample_0729_src_p18.py,code_samples/sample_0730_src_p6.py,0,none,easy,18_6
tb_neg_easy_test_366,test,code_samples/sample_0731_src_p18.py,code_samples/sample_0732_src_p9.py,0,none,easy,18_9
tb_neg_easy_test_367,test,code_samples/sample_0733_src_p39.py,code_samples/sample_0734_src_p6.py,0,none,easy,39_6
tb_neg_easy_test_368,test,code_samples/sample_0735_src_p6.py,code_samples/sample_0736_src_p2.py,0,none,easy,6_2
tb_neg_easy_test_369,test,code_samples/sample_0737_src_p16.py,code_samples/sample_0738_src_p39.py,0,none,easy,16_39
tb_neg_easy_test_370,test,code_samples/sample_0739_src_p6.py,code_samples/sample_0740_src_p8.py,0,none,easy,6_8
tb_neg_easy_test_371,test,code_samples/sample_0741_src_p9.py,code_samples/sample_0742_src_p6.py,0,none,easy,9_6
tb_neg_easy_test_372,test,code_samples/sample_0743_src_p2.py,code_samples/sample_0744_src_p15.py,0,none,easy,2_15
tb_neg_easy_test_373,test,code_samples/sample_0745_src_p15.py,code_samples/sample_0746_src_p6.py,0,none,easy,15_6
tb_neg_easy_test_374,test,code_samples/sample_0747_src_p15.py,code_samples/sample_0748_src_p2.py,0,none,easy,15_2
tb_neg_easy_test_375,test,code_samples/sample_0749_src_p18.py,code_samples/sample_0750_src_p6.py,0,none,easy,18_6
tb_neg_easy_test_376,test,code_samples/sample_0751_src_p18.py,code_samples/sample_0752_src_p7.py,0,none,easy,18_7
tb_neg_easy_test_377,test,code_samples/sample_0753_src_p28.py,code_samples/sample_0754_src_p9.py,0,none,easy,28_9
tb_neg_easy_test_378,test,code_samples/sample_0755_src_p28.py,code_samples/sample_0756_src_p18.py,0,none,easy,28_18
tb_neg_easy_test_379,test,code_samples/sample_0757_src_p39.py,code_samples/sample_0758_src_p9.py,0,none,easy,39_9
tb_neg_easy_test_380,test,code_samples/sample_0759_src_p8.py,code_samples/sample_0760_src_p6.py,0,none,easy,8_6
tb_neg_easy_test_381,test,code_samples/sample_0761_src_p8.py,code_samples/sample_0762_src_p18.py,0,none,easy,8_18
tb_neg_easy_test_382,test,code_samples/sample_0763_src_p16.py,code_samples/sample_0764_src_p15.py,0,none,easy,16_15
tb_neg_easy_test_383,test,code_samples/sample_0765_src_p15.py,code_samples/sample_0766_src_p7.py,0,none,easy,15_7
tb_neg_easy_test_384,test,code_samples/sample_0767_src_p15.py,code_samples/sample_0768_src_p9.py,0,none,easy,15_9
tb_neg_easy_test_385,test,code_samples/sample_0769_src_p39.py,code_samples/sample_0770_src_p9.py,0,none,easy,39_9
tb_neg_easy_test_386,test,code_samples/sample_0771_src_p28.py,code_samples/sample_0772_src_p8.py,0,none,easy,28_8
tb_neg_easy_test_387,test,code_samples/sample_0773_src_p16.py,code_samples/sample_0774_src_p18.py,0,none,easy,16_18
tb_neg_easy_test_388,test,code_samples/sample_0775_src_p18.py,code_samples/sample_0776_src_p39.py,0,none,easy,18_39
tb_neg_easy_test_389,test,code_samples/sample_0777_src_p6.py,code_samples/sample_0778_src_p9.py,0,none,easy,6_9
tb_neg_easy_test_390,test,code_samples/sample_0779_src_p8.py,code_samples/sample_0780_src_p9.py,0,none,easy,8_9
tb_neg_hard_test_391,test,code_samples/sample_0781_src_p15_a.py,code_samples/sample_0782_src_p15_b.py,0,none,hard,15
tb_neg_hard_test_392,test,code_samples/sample_0783_src_p28_a.py,code_samples/sample_0784_src_p28_b.py,0,none,hard,28
tb_neg_hard_test_393,test,code_samples/sample_0785_src_p28_a.py,code_samples/sample_0786_src_p28_b.py,0,none,hard,28
tb_neg_hard_test_394,test,code_samples/sample_0787_src_p18_a.py,code_samples/sample_0788_src_p18_b.py,0,none,hard,18
tb_neg_hard_test_395,test,code_samples/sample_0789_src_p9_a.py,code_samples/sample_0790_src_p9_b.py,0,none,hard,9
tb_neg_hard_test_396,test,code_samples/sample_0791_src_p8_a.py,code_samples/sample_0792_src_p8_b.py,0,none,hard,8
tb_neg_hard_test_397,test,code_samples/sample_0793_src_p28_a.py,code_samples/sample_0794_src_p28_b.py,0,none,hard,28
tb_neg_hard_test_398,test,code_samples/sample_0795_src_p8_a.py,code_samples/sample_0796_src_p8_b.py,0,none,hard,8
tb_neg_hard_test_399,test,code_samples/sample_0797_src_p18_a.py,code_samples/sample_0798_src_p18_b.py,0,none,hard,18
tb_neg_hard_test_400,test,code_samples/sample_0799_src_p28_a.py,code_samples/sample_0800_src_p28_b.py,0,none,hard,28
tb_neg_hard_test_401,test,code_samples/sample_0801_src_p6_a.py,code_samples/sample_0802_src_p6_b.py,0,none,hard,6
tb_neg_hard_test_402,test,code_samples/sample_0803_src_p9_a.py,code_samples/sample_0804_src_p9_b.py,0,none,hard,9
tb_neg_hard_test_403,test,code_samples/sample_0805_src_p7_a.py,code_samples/sample_0806_src_p7_b.py,0,none,hard,7
tb_neg_hard_test_404,test,code_samples/sample_0807_src_p28_a.py,code_samples/sample_0808_src_p28_b.py,0,none,hard,28
tb_neg_hard_test_405,test,code_samples/sample_0809_src_p2_a.py,code_samples/sample_0810_src_p2_b.py,0,none,hard,2
tb_neg_hard_test_406,test,code_samples/sample_0811_src_p9_a.py,code_samples/sample_0812_src_p9_b.py,0,none,hard,9
tb_neg_hard_test_407,test,code_samples/sample_0813_src_p18_a.py,code_samples/sample_0814_src_p18_b.py,0,none,hard,18
tb_neg_hard_test_408,test,code_samples/sample_0815_src_p39_a.py,code_samples/sample_0816_src_p39_b.py,0,none,hard,39
tb_neg_hard_test_409,test,code_samples/sample_0817_src_p18_a.py,code_samples/sample_0818_src_p18_b.py,0,none,hard,18
tb_neg_hard_test_410,test,code_samples/sample_0819_src_p7_a.py,code_samples/sample_0820_src_p7_b.py,0,none,hard,7
tb_neg_hard_test_411,test,code_samples/sample_0821_src_p18_a.py,code_samples/sample_0822_src_p18_b.py,0,none,hard,18
tb_neg_hard_test_412,test,code_samples/sample_0823_src_p16_a.py,code_samples/sample_0824_src_p16_b.py,0,none,hard,16
tb_neg_hard_test_413,test,code_samples/sample_0825_src_p39_a.py,code_samples/sample_0826_src_p39_b.py,0,none,hard,39
tb_neg_hard_test_414,test,code_samples/sample_0827_src_p7_a.py,code_samples/sample_0828_src_p7_b.py,0,none,hard,7
tb_neg_hard_test_415,test,code_samples/sample_0829_src_p9_a.py,code_samples/sample_0830_src_p9_b.py,0,none,hard,9
tb_neg_hard_test_416,test,code_samples/sample_0831_src_p6_a.py,code_samples/sample_0832_src_p6_b.py,0,none,hard,6
tb_neg_hard_test_417,test,code_samples/sample_0833_src_p39_a.py,code_samples/sample_0834_src_p39_b.py,0,none,hard,39
tb_neg_hard_test_418,test,code_samples/sample_0835_src_p8_a.py,code_samples/sample_0836_src_p8_b.py,0,none,hard,8
tb_neg_hard_test_419,test,code_samples/sample_0837_src_p16_a.py,code_samples/sample_0838_src_p16_b.py,0,none,hard,16
tb_neg_hard_test_420,test,code_samples/sample_0839_src_p9_a.py,code_samples/sample_0840_src_p9_b.py,0,none,hard,9
