pair_id,label
oj_0,exact_copy
oj_1,structural_refactoring
oj_2,structural_refactoring
oj_3,structural_refactoring
oj_4,exact_copy
oj_5,structural_refactoring
oj_6,structural_refactoring
oj_7,exact_copy
oj_8,structural_refactoring
oj_9,exact_copy
oj_10,exact_copy
oj_11,structural_refactoring
oj_12,structural_refactoring
oj_13,exact_copy
oj_14,structural_refactoring
oj_15,exact_copy
oj_16,exact_copy
oj_17,structural_refactoring
oj_18,structural_refactoring
oj_19,exact_copy
oj_20,structural_refactoring
oj_21,exact_copy
oj_22,unrelated
oj_23,unrelated
oj_24,unrelated
oj_25,unrelated
oj_26,unrelated
oj_27,unrelated
oj_28,unrelated
oj_29,unrelated
oj_30,unrelated
oj_31,unrelated
