Combination,Lexical_Weight,Lexical_CI_95,Structural_Weight,Structural_CI_95,Semantic_Weight,Semantic_CI_95,Behavioral_Weight,Behavioral_CI_95
JPlag/MOSS Normalized Token Baseline,0.0000,"[0.0000, 0.0000]",0.0000,"[0.0000, 0.0000]",0.0000,"[0.0000, 0.0000]",0.0000,"[0.0000, 0.0000]"
UniXcoder Cosine Baseline,0.0000,"[0.0000, 0.0000]",0.0000,"[0.0000, 0.0000]",1.0000,"[1.0000, 1.0000]",0.0000,"[0.0000, 0.0000]"
Lexical Only (L),1.0000,"[1.0000, 1.0000]",0.0000,"[0.0000, 0.0000]",0.0000,"[0.0000, 0.0000]",0.0000,"[0.0000, 0.0000]"
Structural Only (S),0.0000,"[0.0000, 0.0000]",1.0000,"[1.0000, 1.0000]",0.0000,"[0.0000, 0.0000]",0.0000,"[0.0000, 0.0000]"
Semantic Only (M),0.0000,"[0.0000, 0.0000]",0.0000,"[0.0000, 0.0000]",1.0000,"[1.0000, 1.0000]",0.0000,"[0.0000, 0.0000]"
Behavioral Only (B),0.0000,"[0.0000, 0.0000]",0.0000,"[0.0000, 0.0000]",0.0000,"[0.0000, 0.0000]",1.0000,"[1.0000, 1.0000]"
L + S,0.3843,"[0.3376, 0.4372]",0.6157,"[0.5628, 0.6624]",0.0000,"[0.0000, 0.0000]",0.0000,"[0.0000, 0.0000]"
L + M,0.7917,"[0.6742, 0.9414]",0.0000,"[0.0000, 0.0000]",0.2083,"[0.0586, 0.3258]",0.0000,"[0.0000, 0.0000]"
L + B,0.6775,"[0.6172, 0.7536]",0.0000,"[0.0000, 0.0000]",0.0000,"[0.0000, 0.0000]",0.3225,"[0.2464, 0.3828]"
S + M,0.0000,"[0.0000, 0.0000]",0.8384,"[0.7625, 0.9237]",0.1616,"[0.0763, 0.2375]",0.0000,"[0.0000, 0.0000]"
S + B,0.0000,"[0.0000, 0.0000]",0.7754,"[0.7212, 0.8472]",0.0000,"[0.0000, 0.0000]",0.2246,"[0.1528, 0.2788]"
M + B,0.0000,"[0.0000, 0.0000]",0.0000,"[0.0000, 0.0000]",0.5332,"[0.4318, 0.6323]",0.4668,"[0.3677, 0.5682]"
L + S + M (LOO-B),0.3856,"[0.3269, 0.4376]",0.6144,"[0.5519, 0.6547]",0.0000,"[0.0000, 0.0715]",0.0000,"[0.0000, 0.0000]"
L + S + B (LOO-M),0.3311,"[0.2859, 0.3788]",0.5317,"[0.4776, 0.5858]",0.0000,"[0.0000, 0.0000]",0.1372,"[0.0865, 0.1864]"
L + M + B (LOO-S),0.5758,"[0.4913, 0.6773]",0.0000,"[0.0000, 0.0000]",0.1397,"[0.0244, 0.2326]",0.2845,"[0.2074, 0.3525]"
S + M + B (LOO-L),0.0000,"[0.0000, 0.0000]",0.6821,"[0.6160, 0.7587]",0.1217,"[0.0531, 0.1915]",0.1962,"[0.1365, 0.2536]"
L + S + M + B (Full Model),0.3323,"[0.2820, 0.3803]",0.5302,"[0.4672, 0.5790]",0.0000,"[0.0000, 0.0547]",0.1375,"[0.0851, 0.1860]"
