participant_id,pair_id,condition,confidence_score
P1,pair1,score_only,3
P1,pair1,explainable,3
P1,pair2,score_only,4
P1,pair2,explainable,5
P1,pair3,score_only,1
P1,pair3,explainable,1
P1,pair4,score_only,4
P1,pair4,explainable,4
P1,pair5,score_only,4
P1,pair5,explainable,4
P2,pair1,score_only,1
P2,pair1,explainable,2
P2,pair2,score_only,2
P2,pair2,explainable,2
P2,pair3,score_only,3
P2,pair3,explainable,5
P2,pair4,score_only,2
P2,pair4,explainable,3
P2,pair5,score_only,1
P2,pair5,explainable,3
P3,pair1,score_only,3
P3,pair1,explainable,4
P3,pair2,score_only,2
P3,pair2,explainable,2
P3,pair3,score_only,2
P3,pair3,explainable,2
P3,pair4,score_only,3
P3,pair4,explainable,4
P3,pair5,score_only,2
P3,pair5,explainable,4
P4,pair1,score_only,3
P4,pair1,explainable,5
P4,pair2,score_only,2
P4,pair2,explainable,3
P4,pair3,score_only,4
P4,pair3,explainable,5
P4,pair4,score_only,3
P4,pair4,explainable,3
P4,pair5,score_only,2
P4,pair5,explainable,3
P5,pair1,score_only,2
P5,pair1,explainable,3
P5,pair2,score_only,2
P5,pair2,explainable,3
P5,pair3,score_only,3
P5,pair3,explainable,4
P5,pair4,score_only,2
P5,pair4,explainable,3
P5,pair5,score_only,2
P5,pair5,explainable,3
P6,pair1,score_only,4
P6,pair1,explainable,4
P6,pair2,score_only,4
P6,pair2,explainable,5
P6,pair3,score_only,4
P6,pair3,explainable,5
P6,pair4,score_only,2
P6,pair4,explainable,4
P6,pair5,score_only,3
P6,pair5,explainable,4
P7,pair1,score_only,4
P7,pair1,explainable,4
P7,pair2,score_only,1
P7,pair2,explainable,2
P7,pair3,score_only,3
P7,pair3,explainable,3
P7,pair4,score_only,2
P7,pair4,explainable,3
P7,pair5,score_only,2
P7,pair5,explainable,4
P8,pair1,score_only,3
P8,pair1,explainable,5
P8,pair2,score_only,2
P8,pair2,explainable,3
P8,pair3,score_only,2
P8,pair3,explainable,3
P8,pair4,score_only,4
P8,pair4,explainable,5
P8,pair5,score_only,4
P8,pair5,explainable,5
